best_val,metric,model,seed,split,task,value
0.665,final_answer_accuracy,direct,0,iid,parity,0.6676666666666666
0.665,final_answer_accuracy,direct,0,ood_length,parity,0.5
0.665,final_answer_accuracy,direct,0,shift_biased_p02,parity,0.7893333333333333
0.665,final_answer_accuracy,direct,0,shift_biased_p08,parity,0.593
0.665,final_answer_accuracy,direct,0,shift_alternating,parity,0.6816666666666666
0.665,final_answer_accuracy,direct,0,shift_zero_runs,parity,0.8023333333333333
0.665,final_answer_accuracy,direct,0,shift_one_runs,parity,0.614
0.665,linear_probe_dfa_state_accuracy,direct,0,analysis_val,parity,0.5388138578978274
1.0,state_accuracy,cot_true,0,iid,parity,0.999961032635168
1.0,final_answer_accuracy,cot_true,0,iid,parity,0.9993333333333333
1.0,transition_consistency,cot_true,0,iid,parity,0.999941819874331
1.0,state_accuracy,cot_true,0,ood_length,parity,0.8306295906939033
1.0,final_answer_accuracy,cot_true,0,ood_length,parity,0.49566666666666664
1.0,transition_consistency,cot_true,0,ood_length,parity,0.828627169113872
1.0,state_accuracy,cot_true,0,shift_biased_p02,parity,0.999960922998769
1.0,final_answer_accuracy,cot_true,0,shift_biased_p02,parity,0.9993333333333333
1.0,transition_consistency,cot_true,0,shift_biased_p02,parity,0.9999417995576766
1.0,state_accuracy,cot_true,0,shift_biased_p08,parity,1.0
1.0,final_answer_accuracy,cot_true,0,shift_biased_p08,parity,1.0
1.0,transition_consistency,cot_true,0,shift_biased_p08,parity,1.0
1.0,state_accuracy,cot_true,0,shift_alternating,parity,1.0
1.0,final_answer_accuracy,cot_true,0,shift_alternating,parity,1.0
1.0,transition_consistency,cot_true,0,shift_alternating,parity,1.0
1.0,state_accuracy,cot_true,0,shift_zero_runs,parity,0.9999624053083704
1.0,final_answer_accuracy,cot_true,0,shift_zero_runs,parity,0.9993333333333333
1.0,transition_consistency,cot_true,0,shift_zero_runs,parity,1.0
1.0,state_accuracy,cot_true,0,shift_one_runs,parity,0.999941290436212
1.0,final_answer_accuracy,cot_true,0,shift_one_runs,parity,0.999
1.0,transition_consistency,cot_true,0,shift_one_runs,parity,0.9999404761904762
1.0,linear_probe_dfa_state_accuracy,cot_true,0,analysis_val,parity,1.0
0.6193834165419771,state_accuracy,cot_pad,0,iid,parity,0.6169897710667316
0.6193834165419771,final_answer_accuracy,cot_pad,0,iid,parity,0.5493333333333333
0.6193834165419771,transition_consistency,cot_pad,0,iid,parity,0.7017686758203397
0.6193834165419771,state_accuracy,cot_pad,0,ood_length,parity,0.543696191398869
0.6193834165419771,final_answer_accuracy,cot_pad,0,ood_length,parity,0.49766666666666665
0.6193834165419771,transition_consistency,cot_pad,0,ood_length,parity,0.5997741041174659
0.6193834165419771,state_accuracy,cot_pad,0,shift_biased_p02,parity,0.6492839139524433
0.6193834165419771,final_answer_accuracy,cot_pad,0,shift_biased_p02,parity,0.556
0.6193834165419771,transition_consistency,cot_pad,0,shift_biased_p02,parity,0.836340356186707
0.6193834165419771,state_accuracy,cot_pad,0,shift_biased_p08,parity,0.6727763121628538
0.6193834165419771,final_answer_accuracy,cot_pad,0,shift_biased_p08,parity,0.588
0.6193834165419771,transition_consistency,cot_pad,0,shift_biased_p08,parity,0.5959810874704492
0.6193834165419771,state_accuracy,cot_pad,0,shift_alternating,parity,0.6020659315103006
0.6193834165419771,final_answer_accuracy,cot_pad,0,shift_alternating,parity,0.535
0.6193834165419771,transition_consistency,cot_pad,0,shift_alternating,parity,0.6360960406325753
0.6193834165419771,state_accuracy,cot_pad,0,shift_zero_runs,parity,0.7626459143968871
0.6193834165419771,final_answer_accuracy,cot_pad,0,shift_zero_runs,parity,0.5643333333333334
0.6193834165419771,transition_consistency,cot_pad,0,shift_zero_runs,parity,0.8381477152557466
0.6193834165419771,state_accuracy,cot_pad,0,shift_one_runs,parity,0.6744358989412709
0.6193834165419771,final_answer_accuracy,cot_pad,0,shift_one_runs,parity,0.556
0.6193834165419771,transition_consistency,cot_pad,0,shift_one_runs,parity,0.5570833333333334
0.6193834165419771,linear_probe_dfa_state_accuracy,cot_pad,0,analysis_val,parity,0.7038167938931298
0.64525,final_answer_accuracy,direct,1,iid,parity,0.649
0.64525,final_answer_accuracy,direct,1,ood_length,parity,0.5
0.64525,final_answer_accuracy,direct,1,shift_biased_p02,parity,0.8413333333333334
0.64525,final_answer_accuracy,direct,1,shift_biased_p08,parity,0.5843333333333334
0.64525,final_answer_accuracy,direct,1,shift_alternating,parity,0.635
0.64525,final_answer_accuracy,direct,1,shift_zero_runs,parity,0.846
0.64525,final_answer_accuracy,direct,1,shift_one_runs,parity,0.5946666666666667
0.64525,linear_probe_dfa_state_accuracy,direct,1,analysis_val,parity,0.5468810179774031
0.9991665813752869,state_accuracy,cot_true,1,iid,parity,0.9990941315478535
0.9991665813752869,final_answer_accuracy,cot_true,1,iid,parity,0.9913333333333333
0.9991665813752869,transition_consistency,cot_true,1,iid,parity,0.9986049614848063
0.9991665813752869,state_accuracy,cot_true,1,ood_length,parity,0.826458184023375
0.9991665813752869,final_answer_accuracy,cot_true,1,ood_length,parity,0.504
0.9991665813752869,transition_consistency,cot_true,1,ood_length,parity,0.8234601074824307
0.9991665813752869,state_accuracy,cot_true,1,shift_biased_p02,parity,0.9991657397107898
0.9991665813752869,final_answer_accuracy,cot_true,1,shift_biased_p02,parity,0.9926666666666667
0.9991665813752869,transition_consistency,cot_true,1,shift_biased_p02,parity,0.9992854590925331
0.9991665813752869,state_accuracy,cot_true,1,shift_biased_p08,parity,0.9995536667248841
0.9991665813752869,final_answer_accuracy,cot_true,1,shift_biased_p08,parity,0.9963333333333333
0.9991665813752869,transition_consistency,cot_true,1,shift_biased_p08,parity,0.9996517903778075
0.9991665813752869,state_accuracy,cot_true,1,shift_alternating,parity,0.9995328830845287
0.9991665813752869,final_answer_accuracy,cot_true,1,shift_alternating,parity,0.994
0.9991665813752869,transition_consistency,cot_true,1,shift_alternating,parity,0.9993685781528041
0.9991665813752869,state_accuracy,cot_true,1,shift_zero_runs,parity,0.996338049771847
0.9991665813752869,final_answer_accuracy,cot_true,1,shift_zero_runs,parity,0.9773333333333334
0.9991665813752869,transition_consistency,cot_true,1,shift_zero_runs,parity,0.9979184247538678
0.9991665813752869,state_accuracy,cot_true,1,shift_one_runs,parity,0.999784169838716
0.9991665813752869,final_answer_accuracy,cot_true,1,shift_one_runs,parity,0.9976666666666667
0.9991665813752869,transition_consistency,cot_true,1,shift_one_runs,parity,0.9998821727347709
0.9991665813752869,linear_probe_dfa_state_accuracy,cot_true,1,analysis_val,parity,0.9995281627428062
0.7108476013627125,state_accuracy,cot_pad,1,iid,parity,0.712800315084679
0.7108476013627125,final_answer_accuracy,cot_pad,1,iid,parity,0.612
0.7108476013627125,transition_consistency,cot_pad,1,iid,parity,0.664159640929217
0.7108476013627125,state_accuracy,cot_pad,1,ood_length,parity,0.5857751254203649
0.7108476013627125,final_answer_accuracy,cot_pad,1,ood_length,parity,0.496
0.7108476013627125,transition_consistency,cot_pad,1,ood_length,parity,0.5714758164530798
0.7108476013627125,state_accuracy,cot_pad,1,shift_biased_p02,parity,0.8053789925313841
0.7108476013627125,final_answer_accuracy,cot_pad,1,shift_biased_p02,parity,0.6886666666666666
0.7108476013627125,transition_consistency,cot_pad,1,shift_biased_p02,parity,0.8289269977372872
0.7108476013627125,state_accuracy,cot_pad,1,shift_biased_p08,parity,0.6272923094836118
0.7108476013627125,final_answer_accuracy,cot_pad,1,shift_biased_p08,parity,0.5526666666666666
0.7108476013627125,transition_consistency,cot_pad,1,shift_biased_p08,parity,0.5076896291567524
0.7108476013627125,state_accuracy,cot_pad,1,shift_alternating,parity,0.6953619182934662
0.7108476013627125,final_answer_accuracy,cot_pad,1,shift_alternating,parity,0.6176666666666667
0.7108476013627125,transition_consistency,cot_pad,1,shift_alternating,parity,0.6353825842374146
0.7108476013627125,state_accuracy,cot_pad,1,shift_zero_runs,parity,0.7958127228804786
0.7108476013627125,final_answer_accuracy,cot_pad,1,shift_zero_runs,parity,0.6746666666666666
0.7108476013627125,transition_consistency,cot_pad,1,shift_zero_runs,parity,0.7975808720112517
0.7108476013627125,state_accuracy,cot_pad,1,shift_one_runs,parity,0.6333634187497548
0.7108476013627125,final_answer_accuracy,cot_pad,1,shift_one_runs,parity,0.5366666666666666
0.7108476013627125,transition_consistency,cot_pad,1,shift_one_runs,parity,0.5245080711676682
0.7108476013627125,linear_probe_dfa_state_accuracy,cot_pad,1,analysis_val,parity,0.7178932209049924
0.62225,final_answer_accuracy,direct,2,iid,parity,0.6246666666666667
0.62225,final_answer_accuracy,direct,2,ood_length,parity,0.499
0.62225,final_answer_accuracy,direct,2,shift_biased_p02,parity,0.6926666666666667
0.62225,final_answer_accuracy,direct,2,shift_biased_p08,parity,0.5853333333333334
0.62225,final_answer_accuracy,direct,2,shift_alternating,parity,0.6113333333333333
0.62225,final_answer_accuracy,direct,2,shift_zero_runs,parity,0.7636666666666667
0.62225,final_answer_accuracy,direct,2,shift_one_runs,parity,0.6116666666666667
0.62225,linear_probe_dfa_state_accuracy,direct,2,analysis_val,parity,0.5313660922710485
1.0,state_accuracy,cot_true,2,iid,parity,1.0
1.0,final_answer_accuracy,cot_true,2,iid,parity,1.0
1.0,transition_consistency,cot_true,2,iid,parity,1.0
1.0,state_accuracy,cot_true,2,ood_length,parity,0.8324872746334129
1.0,final_answer_accuracy,cot_true,2,ood_length,parity,0.49833333333333335
1.0,transition_consistency,cot_true,2,ood_length,parity,0.8389791474750858
1.0,state_accuracy,cot_true,2,shift_biased_p02,parity,1.0
1.0,final_answer_accuracy,cot_true,2,shift_biased_p02,parity,1.0
1.0,transition_consistency,cot_true,2,shift_biased_p02,parity,1.0
1.0,state_accuracy,cot_true,2,shift_biased_p08,parity,1.0
1.0,final_answer_accuracy,cot_true,2,shift_biased_p08,parity,1.0
1.0,transition_consistency,cot_true,2,shift_biased_p08,parity,1.0
1.0,state_accuracy,cot_true,2,shift_alternating,parity,1.0
1.0,final_answer_accuracy,cot_true,2,shift_alternating,parity,1.0
1.0,transition_consistency,cot_true,2,shift_alternating,parity,1.0
1.0,state_accuracy,cot_true,2,shift_zero_runs,parity,1.0
1.0,final_answer_accuracy,cot_true,2,shift_zero_runs,parity,1.0
1.0,transition_consistency,cot_true,2,shift_zero_runs,parity,1.0
1.0,state_accuracy,cot_true,2,shift_one_runs,parity,1.0
1.0,final_answer_accuracy,cot_true,2,shift_one_runs,parity,1.0
1.0,transition_consistency,cot_true,2,shift_one_runs,parity,1.0
1.0,linear_probe_dfa_state_accuracy,cot_true,2,analysis_val,parity,1.0
0.6837054561585095,state_accuracy,cot_pad,2,iid,parity,0.6834093177059894
0.6837054561585095,final_answer_accuracy,cot_pad,2,iid,parity,0.592
0.6837054561585095,transition_consistency,cot_pad,2,iid,parity,0.6719460922651616
0.6837054561585095,state_accuracy,cot_pad,2,ood_length,parity,0.5710758280109803
0.6837054561585095,final_answer_accuracy,cot_pad,2,ood_length,parity,0.498
0.6837054561585095,transition_consistency,cot_pad,2,ood_length,parity,0.546625073276945
0.6837054561585095,state_accuracy,cot_pad,2,shift_biased_p02,parity,0.7788355408388521
0.6837054561585095,final_answer_accuracy,cot_pad,2,shift_biased_p02,parity,0.666
0.6837054561585095,transition_consistency,cot_pad,2,shift_biased_p02,parity,0.862647246561829
0.6837054561585095,state_accuracy,cot_pad,2,shift_biased_p08,parity,0.6323030124619763
0.6837054561585095,final_answer_accuracy,cot_pad,2,shift_biased_p08,parity,0.5556666666666666
0.6837054561585095,transition_consistency,cot_pad,2,shift_biased_p08,parity,0.4711968842643725
0.6837054561585095,state_accuracy,cot_pad,2,shift_alternating,parity,0.6813837139130604
0.6837054561585095,final_answer_accuracy,cot_pad,2,shift_alternating,parity,0.594
0.6837054561585095,transition_consistency,cot_pad,2,shift_alternating,parity,0.6673504073140714
0.6837054561585095,state_accuracy,cot_pad,2,shift_zero_runs,parity,0.7703918994937183
0.6837054561585095,final_answer_accuracy,cot_pad,2,shift_zero_runs,parity,0.575
0.6837054561585095,transition_consistency,cot_pad,2,shift_zero_runs,parity,0.81792326567031
0.6837054561585095,state_accuracy,cot_pad,2,shift_one_runs,parity,0.6460663173535622
0.6837054561585095,final_answer_accuracy,cot_pad,2,shift_one_runs,parity,0.5533333333333333
0.6837054561585095,transition_consistency,cot_pad,2,shift_one_runs,parity,0.49431391791260176
0.6837054561585095,linear_probe_dfa_state_accuracy,cot_pad,2,analysis_val,parity,0.6937014725813463
0.55,final_answer_accuracy,direct,3,iid,parity,0.532
0.55,final_answer_accuracy,direct,3,ood_length,parity,0.5
0.55,final_answer_accuracy,direct,3,shift_biased_p02,parity,0.6046666666666667
0.55,final_answer_accuracy,direct,3,shift_biased_p08,parity,0.552
0.55,final_answer_accuracy,direct,3,shift_alternating,parity,0.5336666666666666
0.55,final_answer_accuracy,direct,3,shift_zero_runs,parity,0.7783333333333333
0.55,final_answer_accuracy,direct,3,shift_one_runs,parity,0.562
0.55,linear_probe_dfa_state_accuracy,direct,3,analysis_val,parity,0.5307174278423654
0.9992979376919702,state_accuracy,cot_true,3,iid,parity,0.9991396167383653
0.9992979376919702,final_answer_accuracy,cot_true,3,iid,parity,0.99
0.9992979376919702,transition_consistency,cot_true,3,iid,parity,0.9992372682468904
0.9992979376919702,state_accuracy,cot_true,3,ood_length,parity,0.82970227137459
0.9992979376919702,final_answer_accuracy,cot_true,3,ood_length,parity,0.502
0.9992979376919702,transition_consistency,cot_true,3,ood_length,parity,0.8206355124699644
0.9992979376919702,state_accuracy,cot_true,3,shift_biased_p02,parity,0.9995489842340576
0.9992979376919702,final_answer_accuracy,cot_true,3,shift_biased_p02,parity,0.9936666666666667
0.9992979376919702,transition_consistency,cot_true,3,shift_biased_p02,parity,0.9996474321306852
0.9992979376919702,state_accuracy,cot_true,3,shift_biased_p08,parity,0.9995465746673238
0.9992979376919702,final_answer_accuracy,cot_true,3,shift_biased_p08,parity,0.996
0.9992979376919702,transition_consistency,cot_true,3,shift_biased_p08,parity,0.9994608195542775
0.9992979376919702,state_accuracy,cot_true,3,shift_alternating,parity,0.9993989452458508
0.9992979376919702,final_answer_accuracy,cot_true,3,shift_alternating,parity,0.9906666666666667
0.9992979376919702,transition_consistency,cot_true,3,shift_alternating,parity,0.9993633153904035
0.9992979376919702,state_accuracy,cot_true,3,shift_zero_runs,parity,0.9997221553336915
0.9992979376919702,final_answer_accuracy,cot_true,3,shift_zero_runs,parity,0.9966666666666667
0.9992979376919702,transition_consistency,cot_true,3,shift_zero_runs,parity,0.9998913456837073
0.9992979376919702,state_accuracy,cot_true,3,shift_one_runs,parity,0.9997262845077032
0.9992979376919702,final_answer_accuracy,cot_true,3,shift_one_runs,parity,0.9966666666666667
0.9992979376919702,transition_consistency,cot_true,3,shift_one_runs,parity,0.9997601487078012
0.9992979376919702,linear_probe_dfa_state_accuracy,cot_true,3,analysis_val,parity,0.9995229576624926
0.6638291648383794,state_accuracy,cot_pad,3,iid,parity,0.6608721157606571
0.6638291648383794,final_answer_accuracy,cot_pad,3,iid,parity,0.5756666666666667
0.6638291648383794,transition_consistency,cot_pad,3,iid,parity,0.6633419385120863
0.6638291648383794,state_accuracy,cot_pad,3,ood_length,parity,0.5595941700001384
0.6638291648383794,final_answer_accuracy,cot_pad,3,ood_length,parity,0.497
0.6638291648383794,transition_consistency,cot_pad,3,ood_length,parity,0.5585798326290496
0.6638291648383794,state_accuracy,cot_pad,3,shift_biased_p02,parity,0.7081339712918661
0.6638291648383794,final_answer_accuracy,cot_pad,3,shift_biased_p02,parity,0.604
0.6638291648383794,transition_consistency,cot_pad,3,shift_biased_p02,parity,0.8305323774826654
0.6638291648383794,state_accuracy,cot_pad,3,shift_biased_p08,parity,0.6593198620009857
0.6638291648383794,final_answer_accuracy,cot_pad,3,shift_biased_p08,parity,0.594
0.6638291648383794,transition_consistency,cot_pad,3,shift_biased_p08,parity,0.5084471603163192
0.6638291648383794,state_accuracy,cot_pad,3,shift_alternating,parity,0.6010353652861796
0.6638291648383794,final_answer_accuracy,cot_pad,3,shift_alternating,parity,0.5463333333333333
0.6638291648383794,transition_consistency,cot_pad,3,shift_alternating,parity,0.6198414076517914
0.6638291648383794,state_accuracy,cot_pad,3,shift_zero_runs,parity,0.7773167614425696
0.6638291648383794,final_answer_accuracy,cot_pad,3,shift_zero_runs,parity,0.5816666666666667
0.6638291648383794,transition_consistency,cot_pad,3,shift_zero_runs,parity,0.8048568479382844
0.6638291648383794,state_accuracy,cot_pad,3,shift_one_runs,parity,0.7027645264721983
0.6638291648383794,final_answer_accuracy,cot_pad,3,shift_one_runs,parity,0.6083333333333333
0.6638291648383794,transition_consistency,cot_pad,3,shift_one_runs,parity,0.5445823589374588
0.6638291648383794,linear_probe_dfa_state_accuracy,cot_pad,3,analysis_val,parity,0.6744597338980421
0.607,final_answer_accuracy,direct,4,iid,parity,0.622
0.607,final_answer_accuracy,direct,4,ood_length,parity,0.5
0.607,final_answer_accuracy,direct,4,shift_biased_p02,parity,0.6906666666666667
0.607,final_answer_accuracy,direct,4,shift_biased_p08,parity,0.5573333333333333
0.607,final_answer_accuracy,direct,4,shift_alternating,parity,0.6353333333333333
0.607,final_answer_accuracy,direct,4,shift_zero_runs,parity,0.8016666666666666
0.607,final_answer_accuracy,direct,4,shift_one_runs,parity,0.5866666666666667
0.607,linear_probe_dfa_state_accuracy,direct,4,analysis_val,parity,0.5237770771681285
1.0,state_accuracy,cot_true,4,iid,parity,1.0
1.0,final_answer_accuracy,cot_true,4,iid,parity,1.0
1.0,transition_consistency,cot_true,4,iid,parity,1.0
1.0,state_accuracy,cot_true,4,ood_length,parity,0.8374066694703169
1.0,final_answer_accuracy,cot_true,4,ood_length,parity,0.5153333333333333
1.0,transition_consistency,cot_true,4,ood_length,parity,0.8369472921197059
1.0,state_accuracy,cot_true,4,shift_biased_p02,parity,1.0
1.0,final_answer_accuracy,cot_true,4,shift_biased_p02,parity,1.0
1.0,transition_consistency,cot_true,4,shift_biased_p02,parity,1.0
1.0,state_accuracy,cot_true,4,shift_biased_p08,parity,1.0
1.0,final_answer_accuracy,cot_true,4,shift_biased_p08,parity,1.0
1.0,transition_consistency,cot_true,4,shift_biased_p08,parity,1.0
1.0,state_accuracy,cot_true,4,shift_alternating,parity,1.0
1.0,final_answer_accuracy,cot_true,4,shift_alternating,parity,1.0
1.0,transition_consistency,cot_true,4,shift_alternating,parity,1.0
1.0,state_accuracy,cot_true,4,shift_zero_runs,parity,1.0
1.0,final_answer_accuracy,cot_true,4,shift_zero_runs,parity,1.0
1.0,transition_consistency,cot_true,4,shift_zero_runs,parity,1.0
1.0,state_accuracy,cot_true,4,shift_one_runs,parity,1.0
1.0,final_answer_accuracy,cot_true,4,shift_one_runs,parity,1.0
1.0,transition_consistency,cot_true,4,shift_one_runs,parity,1.0
1.0,linear_probe_dfa_state_accuracy,cot_true,4,analysis_val,parity,1.0
0.5574961473545168,state_accuracy,cot_pad,4,iid,parity,0.5530720907071172
0.5574961473545168,final_answer_accuracy,cot_pad,4,iid,parity,0.5126666666666667
0.5574961473545168,transition_consistency,cot_pad,4,iid,parity,0.5426630900062782
0.5574961473545168,state_accuracy,cot_pad,4,ood_length,parity,0.5195209894587346
0.5574961473545168,final_answer_accuracy,cot_pad,4,ood_length,parity,0.49866666666666665
0.5574961473545168,transition_consistency,cot_pad,4,ood_length,parity,0.5071968520244382
0.5574961473545168,state_accuracy,cot_pad,4,shift_biased_p02,parity,0.6062865123232164
0.5574961473545168,final_answer_accuracy,cot_pad,4,shift_biased_p02,parity,0.5326666666666666
0.5574961473545168,transition_consistency,cot_pad,4,shift_biased_p02,parity,0.7850224427120246
0.5574961473545168,state_accuracy,cot_pad,4,shift_biased_p08,parity,0.5468544120828335
0.5574961473545168,final_answer_accuracy,cot_pad,4,shift_biased_p08,parity,0.5046666666666667
0.5574961473545168,transition_consistency,cot_pad,4,shift_biased_p08,parity,0.28674130819092514
0.5574961473545168,state_accuracy,cot_pad,4,shift_alternating,parity,0.536480105279455
0.5574961473545168,final_answer_accuracy,cot_pad,4,shift_alternating,parity,0.5133333333333333
0.5574961473545168,transition_consistency,cot_pad,4,shift_alternating,parity,0.553765033473547
0.5574961473545168,state_accuracy,cot_pad,4,shift_zero_runs,parity,0.7309782097802178
0.5574961473545168,final_answer_accuracy,cot_pad,4,shift_zero_runs,parity,0.5433333333333333
0.5574961473545168,transition_consistency,cot_pad,4,shift_zero_runs,parity,0.7403191671909856
0.5574961473545168,state_accuracy,cot_pad,4,shift_one_runs,parity,0.5846429556106976
0.5574961473545168,final_answer_accuracy,cot_pad,4,shift_one_runs,parity,0.501
0.5574961473545168,transition_consistency,cot_pad,4,shift_one_runs,parity,0.34205324962213696
0.5574961473545168,linear_probe_dfa_state_accuracy,cot_pad,4,analysis_val,parity,0.5521202816889815
0.8475,final_answer_accuracy,direct,0,iid,contains_11,0.8443333333333334
0.8475,final_answer_accuracy,direct,0,ood_length,contains_11,0.9186666666666666
0.8475,final_answer_accuracy,direct,0,shift_biased_p02,contains_11,0.5366666666666666
0.8475,final_answer_accuracy,direct,0,shift_biased_p08,contains_11,0.671
0.8475,final_answer_accuracy,direct,0,shift_alternating,contains_11,0.8076666666666666
0.8475,final_answer_accuracy,direct,0,shift_zero_runs,contains_11,0.6706666666666666
0.8475,final_answer_accuracy,direct,0,shift_one_runs,contains_11,0.876
0.8475,linear_probe_dfa_state_accuracy,direct,0,analysis_val,contains_11,0.8564443363639025
0.9999271434399953,state_accuracy,cot_true,0,iid,contains_11,0.9999228365291871
0.9999271434399953,final_answer_accuracy,cot_true,0,iid,contains_11,1.0
0.9999271434399953,transition_consistency,cot_true,0,iid,contains_11,1.0
0.9999271434399953,state_accuracy,cot_true,0,ood_length,contains_11,0.9998212050777758
0.9999271434399953,final_answer_accuracy,cot_true,0,ood_length,contains_11,1.0
0.9999271434399953,transition_consistency,cot_true,0,ood_length,contains_11,0.9997930377912994
0.9999271434399953,state_accuracy,cot_true,0,shift_biased_p02,contains_11,0.9971605621729736
0.9999271434399953,final_answer_accuracy,cot_true,0,shift_biased_p02,contains_11,0.994
0.9999271434399953,transition_consistency,cot_true,0,shift_biased_p02,contains_11,0.9963762323474553
0.9999271434399953,state_accuracy,cot_true,0,shift_biased_p08,contains_11,1.0
0.9999271434399953,final_answer_accuracy,cot_true,0,shift_biased_p08,contains_11,1.0
0.9999271434399953,transition_consistency,cot_true,0,shift_biased_p08,contains_11,1.0
0.9999271434399953,state_accuracy,cot_true,0,shift_alternating,contains_11,0.9969103835688581
0.9999271434399953,final_answer_accuracy,cot_true,0,shift_alternating,contains_11,0.9933333333333333
0.9999271434399953,transition_consistency,cot_true,0,shift_alternating,contains_11,0.9967337759691582
0.9999271434399953,state_accuracy,cot_true,0,shift_zero_runs,contains_11,0.9979214609160418
0.9999271434399953,final_answer_accuracy,cot_true,0,shift_zero_runs,contains_11,0.991
0.9999271434399953,transition_consistency,cot_true,0,shift_zero_runs,contains_11,0.9977539169497096
0.9999271434399953,state_accuracy,cot_true,0,shift_one_runs,contains_11,0.9998631342262195
0.9999271434399953,final_answer_accuracy,cot_true,0,shift_one_runs,contains_11,0.9996666666666667
0.9999271434399953,transition_consistency,cot_true,0,shift_one_runs,contains_11,0.9998253478488677
0.9999271434399953,linear_probe_dfa_state_accuracy,cot_true,0,analysis_val,contains_11,1.0
0.9315731188436207,state_accuracy,cot_pad,0,iid,contains_11,0.9309579844901423
0.9315731188436207,final_answer_accuracy,cot_pad,0,iid,contains_11,0.9076666666666666
0.9315731188436207,transition_consistency,cot_pad,0,iid,contains_11,0.9627820423354269
0.9315731188436207,state_accuracy,cot_pad,0,ood_length,contains_11,0.8821947764375799
0.9315731188436207,final_answer_accuracy,cot_pad,0,ood_length,contains_11,0.7806666666666666
0.9315731188436207,transition_consistency,cot_pad,0,ood_length,contains_11,0.9332132952522869
0.9315731188436207,state_accuracy,cot_pad,0,shift_biased_p02,contains_11,0.7852920692179938
0.9315731188436207,final_answer_accuracy,cot_pad,0,shift_biased_p02,contains_11,0.6186666666666667
0.9315731188436207,transition_consistency,cot_pad,0,shift_biased_p02,contains_11,0.9627498001598721
0.9315731188436207,state_accuracy,cot_pad,0,shift_biased_p08,contains_11,0.9397026924837316
0.9315731188436207,final_answer_accuracy,cot_pad,0,shift_biased_p08,contains_11,0.8826666666666667
0.9315731188436207,transition_consistency,cot_pad,0,shift_biased_p08,contains_11,0.9704421849136912
0.9315731188436207,state_accuracy,cot_pad,0,shift_alternating,contains_11,0.9069253050118494
0.9315731188436207,final_answer_accuracy,cot_pad,0,shift_alternating,contains_11,0.8913333333333333
0.9315731188436207,transition_consistency,cot_pad,0,shift_alternating,contains_11,0.9590383379738702
0.9315731188436207,state_accuracy,cot_pad,0,shift_zero_runs,contains_11,0.9297936307623784
0.9315731188436207,final_answer_accuracy,cot_pad,0,shift_zero_runs,contains_11,0.828
0.9315731188436207,transition_consistency,cot_pad,0,shift_zero_runs,contains_11,0.9699791826448998
0.9315731188436207,state_accuracy,cot_pad,0,shift_one_runs,contains_11,0.982070583634764
0.9315731188436207,final_answer_accuracy,cot_pad,0,shift_one_runs,contains_11,0.9673333333333334
0.9315731188436207,transition_consistency,cot_pad,0,shift_one_runs,contains_11,0.9875996972696047
0.9315731188436207,linear_probe_dfa_state_accuracy,cot_pad,0,analysis_val,contains_11,0.9307894670516695
0.848,final_answer_accuracy,direct,1,iid,contains_11,0.8303333333333334
0.848,final_answer_accuracy,direct,1,ood_length,contains_11,0.909
0.848,final_answer_accuracy,direct,1,shift_biased_p02,contains_11,0.5333333333333333
0.848,final_answer_accuracy,direct,1,shift_biased_p08,contains_11,0.6833333333333333
0.848,final_answer_accuracy,direct,1,shift_alternating,contains_11,0.8043333333333333
0.848,final_answer_accuracy,direct,1,shift_zero_runs,contains_11,0.6723333333333333
0.848,final_answer_accuracy,direct,1,shift_one_runs,contains_11,0.8946666666666667
0.848,linear_probe_dfa_state_accuracy,direct,1,analysis_val,contains_11,0.8713808401808942
0.9999126166931244,state_accuracy,cot_true,1,iid,contains_11,0.99990215072702
0.9999126166931244,final_answer_accuracy,cot_true,1,iid,contains_11,1.0
0.9999126166931244,transition_consistency,cot_true,1,iid,contains_11,0.9998208955223881
0.9999126166931244,state_accuracy,cot_true,1,ood_length,contains_11,0.9998281562540813
0.9999126166931244,final_answer_accuracy,cot_true,1,ood_length,contains_11,1.0
0.9999126166931244,transition_consistency,cot_true,1,ood_length,contains_11,0.9997548769277909
0.9999126166931244,state_accuracy,cot_true,1,shift_biased_p02,contains_11,0.9978891915784156
0.9999126166931244,final_answer_accuracy,cot_true,1,shift_biased_p02,contains_11,0.9946666666666667
0.9999126166931244,transition_consistency,cot_true,1,shift_biased_p02,contains_11,0.9963891134465104
0.9999126166931244,state_accuracy,cot_true,1,shift_biased_p08,contains_11,1.0
0.9999126166931244,final_answer_accuracy,cot_true,1,shift_biased_p08,contains_11,1.0
0.9999126166931244,transition_consistency,cot_true,1,shift_biased_p08,contains_11,1.0
0.9999126166931244,state_accuracy,cot_true,1,shift_alternating,contains_11,0.9979032633823767
0.9999126166931244,final_answer_accuracy,cot_true,1,shift_alternating,contains_11,0.994
0.9999126166931244,transition_consistency,cot_true,1,shift_alternating,contains_11,0.9973869018455006
0.9999126166931244,state_accuracy,cot_true,1,shift_zero_runs,contains_11,0.9982903441611537
0.9999126166931244,final_answer_accuracy,cot_true,1,shift_zero_runs,contains_11,0.991
0.9999126166931244,transition_consistency,cot_true,1,shift_zero_runs,contains_11,0.9979309959179109
0.9999126166931244,state_accuracy,cot_true,1,shift_one_runs,contains_11,0.9999215455526135
0.9999126166931244,final_answer_accuracy,cot_true,1,shift_one_runs,contains_11,1.0
0.9999126166931244,transition_consistency,cot_true,1,shift_one_runs,contains_11,0.9998826704212131
0.9999126166931244,linear_probe_dfa_state_accuracy,cot_true,1,analysis_val,contains_11,1.0
0.9324381399006743,state_accuracy,cot_pad,1,iid,contains_11,0.9345388363764457
0.9324381399006743,final_answer_accuracy,cot_pad,1,iid,contains_11,0.907
0.9324381399006743,transition_consistency,cot_pad,1,iid,contains_11,0.9520597014925373
0.9324381399006743,state_accuracy,cot_pad,1,ood_length,contains_11,0.878925770375513
0.9324381399006743,final_answer_accuracy,cot_pad,1,ood_length,contains_11,0.7593333333333333
0.9324381399006743,transition_consistency,cot_pad,1,ood_length,contains_11,0.908160555612297
0.9324381399006743,state_accuracy,cot_pad,1,shift_biased_p02,contains_11,0.7999603095852351
0.9324381399006743,final_answer_accuracy,cot_pad,1,shift_biased_p02,contains_11,0.637
0.9324381399006743,transition_consistency,cot_pad,1,shift_biased_p02,contains_11,0.950094314201024
0.9324381399006743,state_accuracy,cot_pad,1,shift_biased_p08,contains_11,0.8736539414972732
0.9324381399006743,final_answer_accuracy,cot_pad,1,shift_biased_p08,contains_11,0.8063333333333333
0.9324381399006743,transition_consistency,cot_pad,1,shift_biased_p08,contains_11,0.9501860520945865
0.9324381399006743,state_accuracy,cot_pad,1,shift_alternating,contains_11,0.8628877618680669
0.9324381399006743,final_answer_accuracy,cot_pad,1,shift_alternating,contains_11,0.8606666666666667
0.9324381399006743,transition_consistency,cot_pad,1,shift_alternating,contains_11,0.9531275518536665
0.9324381399006743,state_accuracy,cot_pad,1,shift_zero_runs,contains_11,0.9178250204415372
0.9324381399006743,final_answer_accuracy,cot_pad,1,shift_zero_runs,contains_11,0.814
0.9324381399006743,transition_consistency,cot_pad,1,shift_zero_runs,contains_11,0.9520214729072304
0.9324381399006743,state_accuracy,cot_pad,1,shift_one_runs,contains_11,0.964342453662842
0.9324381399006743,final_answer_accuracy,cot_pad,1,shift_one_runs,contains_11,0.946
0.9324381399006743,transition_consistency,cot_pad,1,shift_one_runs,contains_11,0.9684383433063475
0.9324381399006743,linear_probe_dfa_state_accuracy,cot_pad,1,analysis_val,contains_11,0.9543659202978663
0.8535,final_answer_accuracy,direct,2,iid,contains_11,0.859
0.8535,final_answer_accuracy,direct,2,ood_length,contains_11,0.922
0.8535,final_answer_accuracy,direct,2,shift_biased_p02,contains_11,0.535
0.8535,final_answer_accuracy,direct,2,shift_biased_p08,contains_11,0.708
0.8535,final_answer_accuracy,direct,2,shift_alternating,contains_11,0.8193333333333334
0.8535,final_answer_accuracy,direct,2,shift_zero_runs,contains_11,0.6943333333333334
0.8535,final_answer_accuracy,direct,2,shift_one_runs,contains_11,0.8926666666666667
0.8535,linear_probe_dfa_state_accuracy,direct,2,analysis_val,contains_11,0.8704967468359337
0.9999565299291437,state_accuracy,cot_true,2,iid,contains_11,0.9999806542725039
0.9999565299291437,final_answer_accuracy,cot_true,2,iid,contains_11,0.9996666666666667
0.9999565299291437,transition_consistency,cot_true,2,iid,contains_11,1.0
0.9999565299291437,state_accuracy,cot_true,2,ood_length,contains_11,0.999910601309347
0.9999565299291437,final_answer_accuracy,cot_true,2,ood_length,contains_11,1.0
0.9999565299291437,transition_consistency,cot_true,2,ood_length,contains_11,0.9997951785019356
0.9999565299291437,state_accuracy,cot_true,2,shift_biased_p02,contains_11,0.9983084702452718
0.9999565299291437,final_answer_accuracy,cot_true,2,shift_biased_p02,contains_11,0.996
0.9999565299291437,transition_consistency,cot_true,2,shift_biased_p02,contains_11,0.9976021740288805
0.9999565299291437,state_accuracy,cot_true,2,shift_biased_p08,contains_11,1.0
0.9999565299291437,final_answer_accuracy,cot_true,2,shift_biased_p08,contains_11,1.0
0.9999565299291437,transition_consistency,cot_true,2,shift_biased_p08,contains_11,1.0
0.9999565299291437,state_accuracy,cot_true,2,shift_alternating,contains_11,0.997961189791386
0.9999565299291437,final_answer_accuracy,cot_true,2,shift_alternating,contains_11,0.9946666666666667
0.9999565299291437,transition_consistency,cot_true,2,shift_alternating,contains_11,0.9980308500164096
0.9999565299291437,state_accuracy,cot_true,2,shift_zero_runs,contains_11,0.9983731224698271
0.9999565299291437,final_answer_accuracy,cot_true,2,shift_zero_runs,contains_11,0.996
0.9999565299291437,transition_consistency,cot_true,2,shift_zero_runs,contains_11,0.9981777803086385
0.9999565299291437,state_accuracy,cot_true,2,shift_one_runs,contains_11,0.9998634599254881
0.9999565299291437,final_answer_accuracy,cot_true,2,shift_one_runs,contains_11,0.9996666666666667
0.9999565299291437,transition_consistency,cot_true,2,shift_one_runs,contains_11,0.9998862925692193
0.9999565299291437,linear_probe_dfa_state_accuracy,cot_true,2,analysis_val,contains_11,0.9997763488782431
0.9376204483213307,state_accuracy,cot_pad,2,iid,contains_11,0.9376293745526301
0.9376204483213307,final_answer_accuracy,cot_pad,2,iid,contains_11,0.9106666666666666
0.9376204483213307,transition_consistency,cot_pad,2,iid,contains_11,0.9625051993582506
0.9376204483213307,state_accuracy,cot_pad,2,ood_length,contains_11,0.9036213346536832
0.9376204483213307,final_answer_accuracy,cot_pad,2,ood_length,contains_11,0.8513333333333334
0.9376204483213307,transition_consistency,cot_pad,2,ood_length,contains_11,0.9435102308338283
0.9376204483213307,state_accuracy,cot_pad,2,shift_biased_p02,contains_11,0.7838620863399974
0.9376204483213307,final_answer_accuracy,cot_pad,2,shift_biased_p02,contains_11,0.618
0.9376204483213307,transition_consistency,cot_pad,2,shift_biased_p02,contains_11,0.9632333351095007
0.9376204483213307,state_accuracy,cot_pad,2,shift_biased_p08,contains_11,0.9198731128473242
0.9376204483213307,final_answer_accuracy,cot_pad,2,shift_biased_p08,contains_11,0.8453333333333334
0.9376204483213307,transition_consistency,cot_pad,2,shift_biased_p08,contains_11,0.9681408633178258
0.9376204483213307,state_accuracy,cot_pad,2,shift_alternating,contains_11,0.8875013652746933
0.9376204483213307,final_answer_accuracy,cot_pad,2,shift_alternating,contains_11,0.8783333333333333
0.9376204483213307,transition_consistency,cot_pad,2,shift_alternating,contains_11,0.9636801225248879
0.9376204483213307,state_accuracy,cot_pad,2,shift_zero_runs,contains_11,0.9231962468313722
0.9376204483213307,final_answer_accuracy,cot_pad,2,shift_zero_runs,contains_11,0.8266666666666667
0.9376204483213307,transition_consistency,cot_pad,2,shift_zero_runs,contains_11,0.9623597745003132
0.9376204483213307,state_accuracy,cot_pad,2,shift_one_runs,contains_11,0.9747790976651647
0.9376204483213307,final_answer_accuracy,cot_pad,2,shift_one_runs,contains_11,0.9593333333333334
0.9376204483213307,transition_consistency,cot_pad,2,shift_one_runs,contains_11,0.9819773722212747
0.9376204483213307,linear_probe_dfa_state_accuracy,cot_pad,2,analysis_val,contains_11,0.9399467664061886
0.85625,final_answer_accuracy,direct,3,iid,contains_11,0.8443333333333334
0.85625,final_answer_accuracy,direct,3,ood_length,contains_11,0.9183333333333333
0.85625,final_answer_accuracy,direct,3,shift_biased_p02,contains_11,0.5306666666666666
0.85625,final_answer_accuracy,direct,3,shift_biased_p08,contains_11,0.686
0.85625,final_answer_accuracy,direct,3,shift_alternating,contains_11,0.807
0.85625,final_answer_accuracy,direct,3,shift_zero_runs,contains_11,0.696
0.85625,final_answer_accuracy,direct,3,shift_one_runs,contains_11,0.8926666666666667
0.85625,linear_probe_dfa_state_accuracy,direct,3,analysis_val,contains_11,0.8533209834190967
0.99992666255977,state_accuracy,cot_true,3,iid,contains_11,0.9999216393057242
0.99992666255977,final_answer_accuracy,cot_true,3,iid,contains_11,0.9996666666666667
0.99992666255977,transition_consistency,cot_true,3,iid,contains_11,0.9998828491096532
0.99992666255977,state_accuracy,cot_true,3,ood_length,contains_11,0.9998422821093054
0.99992666255977,final_answer_accuracy,cot_true,3,ood_length,contains_11,0.9993333333333333
0.99992666255977,transition_consistency,cot_true,3,ood_length,contains_11,0.999508116084604
0.99992666255977,state_accuracy,cot_true,3,shift_biased_p02,contains_11,0.99815679748036
0.99992666255977,final_answer_accuracy,cot_true,3,shift_biased_p02,contains_11,0.9946666666666667
0.99992666255977,transition_consistency,cot_true,3,shift_biased_p02,contains_11,0.9971659269557778
0.99992666255977,state_accuracy,cot_true,3,shift_biased_p08,contains_11,1.0
0.99992666255977,final_answer_accuracy,cot_true,3,shift_biased_p08,contains_11,1.0
0.99992666255977,transition_consistency,cot_true,3,shift_biased_p08,contains_11,1.0
0.99992666255977,state_accuracy,cot_true,3,shift_alternating,contains_11,0.9980953749955079
0.99992666255977,final_answer_accuracy,cot_true,3,shift_alternating,contains_11,0.9946666666666667
0.99992666255977,transition_consistency,cot_true,3,shift_alternating,contains_11,0.9983555336293373
0.99992666255977,state_accuracy,cot_true,3,shift_zero_runs,contains_11,0.9982767246650731
0.99992666255977,final_answer_accuracy,cot_true,3,shift_zero_runs,contains_11,0.9923333333333333
0.99992666255977,transition_consistency,cot_true,3,shift_zero_runs,contains_11,0.9982285208148804
0.99992666255977,state_accuracy,cot_true,3,shift_one_runs,contains_11,0.9998814721163154
0.99992666255977,final_answer_accuracy,cot_true,3,shift_one_runs,contains_11,1.0
0.99992666255977,transition_consistency,cot_true,3,shift_one_runs,contains_11,0.9999395879900924
0.99992666255977,linear_probe_dfa_state_accuracy,cot_true,3,analysis_val,contains_11,1.0
0.9330282495819766,state_accuracy,cot_pad,3,iid,contains_11,0.9306311953923911
0.9330282495819766,final_answer_accuracy,cot_pad,3,iid,contains_11,0.9093333333333333
0.9330282495819766,transition_consistency,cot_pad,3,iid,contains_11,0.9657919400187441
0.9330282495819766,state_accuracy,cot_pad,3,ood_length,contains_11,0.882356168140986
0.9330282495819766,final_answer_accuracy,cot_pad,3,ood_length,contains_11,0.7956666666666666
0.9330282495819766,transition_consistency,cot_pad,3,ood_length,contains_11,0.912854566322348
0.9330282495819766,state_accuracy,cot_pad,3,shift_biased_p02,contains_11,0.7998425225031764
0.9330282495819766,final_answer_accuracy,cot_pad,3,shift_biased_p02,contains_11,0.6283333333333333
0.9330282495819766,transition_consistency,cot_pad,3,shift_biased_p02,contains_11,0.9695738195818405
0.9330282495819766,state_accuracy,cot_pad,3,shift_biased_p08,contains_11,0.8863925147279658
0.9330282495819766,final_answer_accuracy,cot_pad,3,shift_biased_p08,contains_11,0.819
0.9330282495819766,transition_consistency,cot_pad,3,shift_biased_p08,contains_11,0.9602695991486343
0.9330282495819766,state_accuracy,cot_pad,3,shift_alternating,contains_11,0.8552125633377655
0.9330282495819766,final_answer_accuracy,cot_pad,3,shift_alternating,contains_11,0.8643333333333333
0.9330282495819766,transition_consistency,cot_pad,3,shift_alternating,contains_11,0.9660691772186593
0.9330282495819766,state_accuracy,cot_pad,3,shift_zero_runs,contains_11,0.9247132506902366
0.9330282495819766,final_answer_accuracy,cot_pad,3,shift_zero_runs,contains_11,0.8323333333333334
0.9330282495819766,transition_consistency,cot_pad,3,shift_zero_runs,contains_11,0.9634078830823738
0.9330282495819766,state_accuracy,cot_pad,3,shift_one_runs,contains_11,0.965824460204263
0.9330282495819766,final_answer_accuracy,cot_pad,3,shift_one_runs,contains_11,0.9483333333333334
0.9330282495819766,transition_consistency,cot_pad,3,shift_one_runs,contains_11,0.9782516764332749
0.9330282495819766,linear_probe_dfa_state_accuracy,cot_pad,3,analysis_val,contains_11,0.9344918075635057
0.8415,final_answer_accuracy,direct,4,iid,contains_11,0.8563333333333333
0.8415,final_answer_accuracy,direct,4,ood_length,contains_11,0.9353333333333333
0.8415,final_answer_accuracy,direct,4,shift_biased_p02,contains_11,0.5283333333333333
0.8415,final_answer_accuracy,direct,4,shift_biased_p08,contains_11,0.7163333333333334
0.8415,final_answer_accuracy,direct,4,shift_alternating,contains_11,0.8333333333333334
0.8415,final_answer_accuracy,direct,4,shift_zero_runs,contains_11,0.6883333333333334
0.8415,final_answer_accuracy,direct,4,shift_one_runs,contains_11,0.9056666666666666
0.8415,linear_probe_dfa_state_accuracy,direct,4,analysis_val,contains_11,0.8413279751636201
0.9997538301138174,state_accuracy,cot_true,4,iid,contains_11,0.9996921419225737
0.9997538301138174,final_answer_accuracy,cot_true,4,iid,contains_11,0.999
0.9997538301138174,transition_consistency,cot_true,4,iid,contains_11,0.9997677659080353
0.9997538301138174,state_accuracy,cot_true,4,ood_length,contains_11,0.9996846355827044
0.9997538301138174,final_answer_accuracy,cot_true,4,ood_length,contains_11,1.0
0.9997538301138174,transition_consistency,cot_true,4,ood_length,contains_11,0.9993609038057147
0.9997538301138174,state_accuracy,cot_true,4,shift_biased_p02,contains_11,0.9966943034808091
0.9997538301138174,final_answer_accuracy,cot_true,4,shift_biased_p02,contains_11,0.9926666666666667
0.9997538301138174,transition_consistency,cot_true,4,shift_biased_p02,contains_11,0.9935068448677019
0.9997538301138174,state_accuracy,cot_true,4,shift_biased_p08,contains_11,1.0
0.9997538301138174,final_answer_accuracy,cot_true,4,shift_biased_p08,contains_11,1.0
0.9997538301138174,transition_consistency,cot_true,4,shift_biased_p08,contains_11,1.0
0.9997538301138174,state_accuracy,cot_true,4,shift_alternating,contains_11,0.9958502497035893
0.9997538301138174,final_answer_accuracy,cot_true,4,shift_alternating,contains_11,0.9923333333333333
0.9997538301138174,transition_consistency,cot_true,4,shift_alternating,contains_11,0.9959808820334565
0.9997538301138174,state_accuracy,cot_true,4,shift_zero_runs,contains_11,0.9967057932601288
0.9997538301138174,final_answer_accuracy,cot_true,4,shift_zero_runs,contains_11,0.99
0.9997538301138174,transition_consistency,cot_true,4,shift_zero_runs,contains_11,0.9954626932556576
0.9997538301138174,state_accuracy,cot_true,4,shift_one_runs,contains_11,0.9996440155051024
0.9997538301138174,final_answer_accuracy,cot_true,4,shift_one_runs,contains_11,0.9993333333333333
0.9997538301138174,transition_consistency,cot_true,4,shift_one_runs,contains_11,0.9998826635376944
0.9997538301138174,linear_probe_dfa_state_accuracy,cot_true,4,analysis_val,contains_11,0.9996539792387542
0.9267282574068174,state_accuracy,cot_pad,4,iid,contains_11,0.9290771954129147
0.9267282574068174,final_answer_accuracy,cot_pad,4,iid,contains_11,0.9116666666666666
0.9267282574068174,transition_consistency,cot_pad,4,iid,contains_11,0.9560496980956804
0.9267282574068174,state_accuracy,cot_pad,4,ood_length,contains_11,0.8990216847315632
0.9267282574068174,final_answer_accuracy,cot_pad,4,ood_length,contains_11,0.8786666666666667
0.9267282574068174,transition_consistency,cot_pad,4,ood_length,contains_11,0.9381932132107368
0.9267282574068174,state_accuracy,cot_pad,4,shift_biased_p02,contains_11,0.7942248588378243
0.9267282574068174,final_answer_accuracy,cot_pad,4,shift_biased_p02,contains_11,0.6286666666666667
0.9267282574068174,transition_consistency,cot_pad,4,shift_biased_p02,contains_11,0.9615821654672366
0.9267282574068174,state_accuracy,cot_pad,4,shift_biased_p08,contains_11,0.8969070126171736
0.9267282574068174,final_answer_accuracy,cot_pad,4,shift_biased_p08,contains_11,0.8086666666666666
0.9267282574068174,transition_consistency,cot_pad,4,shift_biased_p08,contains_11,0.9624051303171148
0.9267282574068174,state_accuracy,cot_pad,4,shift_alternating,contains_11,0.8814536701038336
0.9267282574068174,final_answer_accuracy,cot_pad,4,shift_alternating,contains_11,0.8716666666666667
0.9267282574068174,transition_consistency,cot_pad,4,shift_alternating,contains_11,0.9652943732348468
0.9267282574068174,state_accuracy,cot_pad,4,shift_zero_runs,contains_11,0.9219424460431654
0.9267282574068174,final_answer_accuracy,cot_pad,4,shift_zero_runs,contains_11,0.8163333333333334
0.9267282574068174,transition_consistency,cot_pad,4,shift_zero_runs,contains_11,0.9612928523414743
0.9267282574068174,state_accuracy,cot_pad,4,shift_one_runs,contains_11,0.9668934419745273
0.9267282574068174,final_answer_accuracy,cot_pad,4,shift_one_runs,contains_11,0.949
0.9267282574068174,transition_consistency,cot_pad,4,shift_one_runs,contains_11,0.9716045761220299
0.9267282574068174,linear_probe_dfa_state_accuracy,cot_pad,4,analysis_val,contains_11,0.9392294473307207
0.553,final_answer_accuracy,direct,0,iid,mod3,0.5596666666666666
0.553,final_answer_accuracy,direct,0,ood_length,mod3,0.3333333333333333
0.553,final_answer_accuracy,direct,0,shift_biased_p02,mod3,0.626
0.553,final_answer_accuracy,direct,0,shift_biased_p08,mod3,0.4673333333333333
0.553,final_answer_accuracy,direct,0,shift_alternating,mod3,0.5863333333333334
0.553,final_answer_accuracy,direct,0,shift_zero_runs,mod3,0.6106666666666667
0.553,final_answer_accuracy,direct,0,shift_one_runs,mod3,0.486
0.553,linear_probe_dfa_state_accuracy,direct,0,analysis_val,mod3,0.40591605038381456
1.0,state_accuracy,cot_true,0,iid,mod3,1.0
1.0,final_answer_accuracy,cot_true,0,iid,mod3,1.0
1.0,transition_consistency,cot_true,0,iid,mod3,1.0
1.0,state_accuracy,cot_true,0,ood_length,mod3,0.7729671853229648
1.0,final_answer_accuracy,cot_true,0,ood_length,mod3,0.335
1.0,transition_consistency,cot_true,0,ood_length,mod3,0.8222720539828835
1.0,state_accuracy,cot_true,0,shift_biased_p02,mod3,1.0
1.0,final_answer_accuracy,cot_true,0,shift_biased_p02,mod3,1.0
1.0,transition_consistency,cot_true,0,shift_biased_p02,mod3,1.0
1.0,state_accuracy,cot_true,0,shift_biased_p08,mod3,1.0
1.0,final_answer_accuracy,cot_true,0,shift_biased_p08,mod3,1.0
1.0,transition_consistency,cot_true,0,shift_biased_p08,mod3,1.0
1.0,state_accuracy,cot_true,0,shift_alternating,mod3,1.0
1.0,final_answer_accuracy,cot_true,0,shift_alternating,mod3,1.0
1.0,transition_consistency,cot_true,0,shift_alternating,mod3,1.0
1.0,state_accuracy,cot_true,0,shift_zero_runs,mod3,1.0
1.0,final_answer_accuracy,cot_true,0,shift_zero_runs,mod3,1.0
1.0,transition_consistency,cot_true,0,shift_zero_runs,mod3,1.0
1.0,state_accuracy,cot_true,0,shift_one_runs,mod3,1.0
1.0,final_answer_accuracy,cot_true,0,shift_one_runs,mod3,1.0
1.0,transition_consistency,cot_true,0,shift_one_runs,mod3,1.0
1.0,linear_probe_dfa_state_accuracy,cot_true,0,analysis_val,mod3,1.0
0.6488464951197871,state_accuracy,cot_pad,0,iid,mod3,0.6463450320919253
0.6488464951197871,final_answer_accuracy,cot_pad,0,iid,mod3,0.5003333333333333
0.6488464951197871,transition_consistency,cot_pad,0,iid,mod3,0.6555001466705779
0.6488464951197871,state_accuracy,cot_pad,0,ood_length,mod3,0.45834162680082635
0.6488464951197871,final_answer_accuracy,cot_pad,0,ood_length,mod3,0.329
0.6488464951197871,transition_consistency,cot_pad,0,ood_length,mod3,0.5132694206714944
0.6488464951197871,state_accuracy,cot_pad,0,shift_biased_p02,mod3,0.6096379002868885
0.6488464951197871,final_answer_accuracy,cot_pad,0,shift_biased_p02,mod3,0.4746666666666667
0.6488464951197871,transition_consistency,cot_pad,0,shift_biased_p02,mod3,0.7593915648766997
0.6488464951197871,state_accuracy,cot_pad,0,shift_biased_p08,mod3,0.7038518372574131
0.6488464951197871,final_answer_accuracy,cot_pad,0,shift_biased_p08,mod3,0.5496666666666666
0.6488464951197871,transition_consistency,cot_pad,0,shift_biased_p08,mod3,0.6413312876194972
0.6488464951197871,state_accuracy,cot_pad,0,shift_alternating,mod3,0.6557465713733822
0.6488464951197871,final_answer_accuracy,cot_pad,0,shift_alternating,mod3,0.5166666666666667
0.6488464951197871,transition_consistency,cot_pad,0,shift_alternating,mod3,0.612594867041307
0.6488464951197871,state_accuracy,cot_pad,0,shift_zero_runs,mod3,0.7384067249345878
0.6488464951197871,final_answer_accuracy,cot_pad,0,shift_zero_runs,mod3,0.518
0.6488464951197871,transition_consistency,cot_pad,0,shift_zero_runs,mod3,0.7825844575760954
0.6488464951197871,state_accuracy,cot_pad,0,shift_one_runs,mod3,0.6304615084398478
0.6488464951197871,final_answer_accuracy,cot_pad,0,shift_one_runs,mod3,0.498
0.6488464951197871,transition_consistency,cot_pad,0,shift_one_runs,mod3,0.5582663949166766
0.6488464951197871,linear_probe_dfa_state_accuracy,cot_pad,0,analysis_val,mod3,0.6479456465355331
0.5085,final_answer_accuracy,direct,1,iid,mod3,0.52
0.5085,final_answer_accuracy,direct,1,ood_length,mod3,0.33666666666666667
0.5085,final_answer_accuracy,direct,1,shift_biased_p02,mod3,0.636
0.5085,final_answer_accuracy,direct,1,shift_biased_p08,mod3,0.45666666666666667
0.5085,final_answer_accuracy,direct,1,shift_alternating,mod3,0.501
0.5085,final_answer_accuracy,direct,1,shift_zero_runs,mod3,0.576
0.5085,final_answer_accuracy,direct,1,shift_one_runs,mod3,0.44066666666666665
0.5085,linear_probe_dfa_state_accuracy,direct,1,analysis_val,mod3,0.3896004949064828
1.0,state_accuracy,cot_true,1,iid,mod3,1.0
1.0,final_answer_accuracy,cot_true,1,iid,mod3,1.0
1.0,transition_consistency,cot_true,1,iid,mod3,1.0
1.0,state_accuracy,cot_true,1,ood_length,mod3,0.7758272647729543
1.0,final_answer_accuracy,cot_true,1,ood_length,mod3,0.3413333333333333
1.0,transition_consistency,cot_true,1,ood_length,mod3,0.8190765816672488
1.0,state_accuracy,cot_true,1,shift_biased_p02,mod3,1.0
1.0,final_answer_accuracy,cot_true,1,shift_biased_p02,mod3,1.0
1.0,transition_consistency,cot_true,1,shift_biased_p02,mod3,1.0
1.0,state_accuracy,cot_true,1,shift_biased_p08,mod3,1.0
1.0,final_answer_accuracy,cot_true,1,shift_biased_p08,mod3,1.0
1.0,transition_consistency,cot_true,1,shift_biased_p08,mod3,1.0
1.0,state_accuracy,cot_true,1,shift_alternating,mod3,1.0
1.0,final_answer_accuracy,cot_true,1,shift_alternating,mod3,1.0
1.0,transition_consistency,cot_true,1,shift_alternating,mod3,1.0
1.0,state_accuracy,cot_true,1,shift_zero_runs,mod3,1.0
1.0,final_answer_accuracy,cot_true,1,shift_zero_runs,mod3,1.0
1.0,transition_consistency,cot_true,1,shift_zero_runs,mod3,1.0
1.0,state_accuracy,cot_true,1,shift_one_runs,mod3,1.0
1.0,final_answer_accuracy,cot_true,1,shift_one_runs,mod3,1.0
1.0,transition_consistency,cot_true,1,shift_one_runs,mod3,1.0
1.0,linear_probe_dfa_state_accuracy,cot_true,1,analysis_val,mod3,1.0
0.7459489230947619,state_accuracy,cot_pad,1,iid,mod3,0.7451315608481204
0.7459489230947619,final_answer_accuracy,cot_pad,1,iid,mod3,0.5613333333333334
0.7459489230947619,transition_consistency,cot_pad,1,iid,mod3,0.7906044284859366
0.7459489230947619,state_accuracy,cot_pad,1,ood_length,mod3,0.5068241162407766
0.7459489230947619,final_answer_accuracy,cot_pad,1,ood_length,mod3,0.3273333333333333
0.7459489230947619,transition_consistency,cot_pad,1,ood_length,mod3,0.5546263381757659
0.7459489230947619,state_accuracy,cot_pad,1,shift_biased_p02,mod3,0.7998294395303638
0.7459489230947619,final_answer_accuracy,cot_pad,1,shift_biased_p02,mod3,0.643
0.7459489230947619,transition_consistency,cot_pad,1,shift_biased_p02,mod3,0.8317773896283804
0.7459489230947619,state_accuracy,cot_pad,1,shift_biased_p08,mod3,0.6035915095624429
0.7459489230947619,final_answer_accuracy,cot_pad,1,shift_biased_p08,mod3,0.47833333333333333
0.7459489230947619,transition_consistency,cot_pad,1,shift_biased_p08,mod3,0.5632440039875681
0.7459489230947619,state_accuracy,cot_pad,1,shift_alternating,mod3,0.7417708698531417
0.7459489230947619,final_answer_accuracy,cot_pad,1,shift_alternating,mod3,0.5563333333333333
0.7459489230947619,transition_consistency,cot_pad,1,shift_alternating,mod3,0.7700281096275474
0.7459489230947619,state_accuracy,cot_pad,1,shift_zero_runs,mod3,0.788646205987573
0.7459489230947619,final_answer_accuracy,cot_pad,1,shift_zero_runs,mod3,0.6306666666666667
0.7459489230947619,transition_consistency,cot_pad,1,shift_zero_runs,mod3,0.8364515571930229
0.7459489230947619,state_accuracy,cot_pad,1,shift_one_runs,mod3,0.6059748427672956
0.7459489230947619,final_answer_accuracy,cot_pad,1,shift_one_runs,mod3,0.49366666666666664
0.7459489230947619,transition_consistency,cot_pad,1,shift_one_runs,mod3,0.5906028574747357
0.7459489230947619,linear_probe_dfa_state_accuracy,cot_pad,1,analysis_val,mod3,0.7548764617954806
0.57275,final_answer_accuracy,direct,2,iid,mod3,0.5866666666666667
0.57275,final_answer_accuracy,direct,2,ood_length,mod3,0.32966666666666666
0.57275,final_answer_accuracy,direct,2,shift_biased_p02,mod3,0.5596666666666666
0.57275,final_answer_accuracy,direct,2,shift_biased_p08,mod3,0.4693333333333333
0.57275,final_answer_accuracy,direct,2,shift_alternating,mod3,0.5593333333333333
0.57275,final_answer_accuracy,direct,2,shift_zero_runs,mod3,0.5996666666666667
0.57275,final_answer_accuracy,direct,2,shift_one_runs,mod3,0.477
0.57275,linear_probe_dfa_state_accuracy,direct,2,analysis_val,mod3,0.40371014492753626
1.0,state_accuracy,cot_true,2,iid,mod3,1.0
1.0,final_answer_accuracy,cot_true,2,iid,mod3,1.0
1.0,transition_consistency,cot_true,2,iid,mod3,1.0
1.0,state_accuracy,cot_true,2,ood_length,mod3,0.7763276855654094
1.0,final_answer_accuracy,cot_true,2,ood_length,mod3,0.323
1.0,transition_consistency,cot_true,2,ood_length,mod3,0.826269950410468
1.0,state_accuracy,cot_true,2,shift_biased_p02,mod3,1.0
1.0,final_answer_accuracy,cot_true,2,shift_biased_p02,mod3,1.0
1.0,transition_consistency,cot_true,2,shift_biased_p02,mod3,1.0
1.0,state_accuracy,cot_true,2,shift_biased_p08,mod3,1.0
1.0,final_answer_accuracy,cot_true,2,shift_biased_p08,mod3,1.0
1.0,transition_consistency,cot_true,2,shift_biased_p08,mod3,1.0
1.0,state_accuracy,cot_true,2,shift_alternating,mod3,1.0
1.0,final_answer_accuracy,cot_true,2,shift_alternating,mod3,1.0
1.0,transition_consistency,cot_true,2,shift_alternating,mod3,1.0
1.0,state_accuracy,cot_true,2,shift_zero_runs,mod3,1.0
1.0,final_answer_accuracy,cot_true,2,shift_zero_runs,mod3,1.0
1.0,transition_consistency,cot_true,2,shift_zero_runs,mod3,1.0
1.0,state_accuracy,cot_true,2,shift_one_runs,mod3,1.0
1.0,final_answer_accuracy,cot_true,2,shift_one_runs,mod3,1.0
1.0,transition_consistency,cot_true,2,shift_one_runs,mod3,1.0
1.0,linear_probe_dfa_state_accuracy,cot_true,2,analysis_val,mod3,1.0
0.838486352722827,state_accuracy,cot_pad,2,iid,mod3,0.8308014975400356
0.838486352722827,final_answer_accuracy,cot_pad,2,iid,mod3,0.698
0.838486352722827,transition_consistency,cot_pad,2,iid,mod3,0.836175432298211
0.838486352722827,state_accuracy,cot_pad,2,ood_length,mod3,0.5888056868767039
0.838486352722827,final_answer_accuracy,cot_pad,2,ood_length,mod3,0.347
0.838486352722827,transition_consistency,cot_pad,2,ood_length,mod3,0.6210359628286869
0.838486352722827,state_accuracy,cot_pad,2,shift_biased_p02,mod3,0.8157740192623913
0.838486352722827,final_answer_accuracy,cot_pad,2,shift_biased_p02,mod3,0.6203333333333333
0.838486352722827,transition_consistency,cot_pad,2,shift_biased_p02,mod3,0.8431954384127538
0.838486352722827,state_accuracy,cot_pad,2,shift_biased_p08,mod3,0.6208690210802144
0.838486352722827,final_answer_accuracy,cot_pad,2,shift_biased_p08,mod3,0.4683333333333333
0.838486352722827,transition_consistency,cot_pad,2,shift_biased_p08,mod3,0.605632177275088
0.838486352722827,state_accuracy,cot_pad,2,shift_alternating,mod3,0.8721396326276464
0.838486352722827,final_answer_accuracy,cot_pad,2,shift_alternating,mod3,0.7116666666666667
0.838486352722827,transition_consistency,cot_pad,2,shift_alternating,mod3,0.8167439647996194
0.838486352722827,state_accuracy,cot_pad,2,shift_zero_runs,mod3,0.7898524985511581
0.838486352722827,final_answer_accuracy,cot_pad,2,shift_zero_runs,mod3,0.5973333333333334
0.838486352722827,transition_consistency,cot_pad,2,shift_zero_runs,mod3,0.829058869745777
0.838486352722827,state_accuracy,cot_pad,2,shift_one_runs,mod3,0.5810040546099152
0.838486352722827,final_answer_accuracy,cot_pad,2,shift_one_runs,mod3,0.5033333333333333
0.838486352722827,transition_consistency,cot_pad,2,shift_one_runs,mod3,0.6043975373790678
0.838486352722827,linear_probe_dfa_state_accuracy,cot_pad,2,analysis_val,mod3,0.8757101449275362
0.41075,final_answer_accuracy,direct,3,iid,mod3,0.403
0.41075,final_answer_accuracy,direct,3,ood_length,mod3,0.3333333333333333
0.41075,final_answer_accuracy,direct,3,shift_biased_p02,mod3,0.4073333333333333
0.41075,final_answer_accuracy,direct,3,shift_biased_p08,mod3,0.415
0.41075,final_answer_accuracy,direct,3,shift_alternating,mod3,0.435
0.41075,final_answer_accuracy,direct,3,shift_zero_runs,mod3,0.4166666666666667
0.41075,final_answer_accuracy,direct,3,shift_one_runs,mod3,0.406
0.41075,linear_probe_dfa_state_accuracy,direct,3,analysis_val,mod3,0.4147380667189845
1.0,state_accuracy,cot_true,3,iid,mod3,1.0
1.0,final_answer_accuracy,cot_true,3,iid,mod3,1.0
1.0,transition_consistency,cot_true,3,iid,mod3,1.0
1.0,state_accuracy,cot_true,3,ood_length,mod3,0.7787234925222466
1.0,final_answer_accuracy,cot_true,3,ood_length,mod3,0.346
1.0,transition_consistency,cot_true,3,ood_length,mod3,0.8251387705037317
1.0,state_accuracy,cot_true,3,shift_biased_p02,mod3,0.9999608763693271
1.0,final_answer_accuracy,cot_true,3,shift_biased_p02,mod3,0.9993333333333333
1.0,transition_consistency,cot_true,3,shift_biased_p02,mod3,1.0
1.0,state_accuracy,cot_true,3,shift_biased_p08,mod3,1.0
1.0,final_answer_accuracy,cot_true,3,shift_biased_p08,mod3,1.0
1.0,transition_consistency,cot_true,3,shift_biased_p08,mod3,1.0
1.0,state_accuracy,cot_true,3,shift_alternating,mod3,1.0
1.0,final_answer_accuracy,cot_true,3,shift_alternating,mod3,1.0
1.0,transition_consistency,cot_true,3,shift_alternating,mod3,1.0
1.0,state_accuracy,cot_true,3,shift_zero_runs,mod3,0.9999634195412811
1.0,final_answer_accuracy,cot_true,3,shift_zero_runs,mod3,0.9993333333333333
1.0,transition_consistency,cot_true,3,shift_zero_runs,mod3,0.9999449551384378
1.0,state_accuracy,cot_true,3,shift_one_runs,mod3,0.9999804775198641
1.0,final_answer_accuracy,cot_true,3,shift_one_runs,mod3,0.9996666666666667
1.0,transition_consistency,cot_true,3,shift_one_runs,mod3,0.9999412593984962
1.0,linear_probe_dfa_state_accuracy,cot_true,3,analysis_val,mod3,1.0
0.8042625289816301,state_accuracy,cot_pad,3,iid,mod3,0.7984380810710301
0.8042625289816301,final_answer_accuracy,cot_pad,3,iid,mod3,0.6243333333333333
0.8042625289816301,transition_consistency,cot_pad,3,iid,mod3,0.8459079283887468
0.8042625289816301,state_accuracy,cot_pad,3,ood_length,mod3,0.5392141271805793
0.8042625289816301,final_answer_accuracy,cot_pad,3,ood_length,mod3,0.332
0.8042625289816301,transition_consistency,cot_pad,3,ood_length,mod3,0.6047899212074593
0.8042625289816301,state_accuracy,cot_pad,3,shift_biased_p02,mod3,0.8984154929577465
0.8042625289816301,final_answer_accuracy,cot_pad,3,shift_biased_p02,mod3,0.7246666666666667
0.8042625289816301,transition_consistency,cot_pad,3,shift_biased_p02,mod3,0.9164880952380953
0.8042625289816301,state_accuracy,cot_pad,3,shift_biased_p08,mod3,0.63153427037271
0.8042625289816301,final_answer_accuracy,cot_pad,3,shift_biased_p08,mod3,0.49366666666666664
0.8042625289816301,transition_consistency,cot_pad,3,shift_biased_p08,mod3,0.6176065200455444
0.8042625289816301,state_accuracy,cot_pad,3,shift_alternating,mod3,0.8124684306640245
0.8042625289816301,final_answer_accuracy,cot_pad,3,shift_alternating,mod3,0.6266666666666667
0.8042625289816301,transition_consistency,cot_pad,3,shift_alternating,mod3,0.86443038709303
0.8042625289816301,state_accuracy,cot_pad,3,shift_zero_runs,mod3,0.8452463693894722
0.8042625289816301,final_answer_accuracy,cot_pad,3,shift_zero_runs,mod3,0.6886666666666666
0.8042625289816301,transition_consistency,cot_pad,3,shift_zero_runs,mod3,0.8812131887488303
0.8042625289816301,state_accuracy,cot_pad,3,shift_one_runs,mod3,0.660699295238467
0.8042625289816301,final_answer_accuracy,cot_pad,3,shift_one_runs,mod3,0.529
0.8042625289816301,transition_consistency,cot_pad,3,shift_one_runs,mod3,0.5923402255639098
0.8042625289816301,linear_probe_dfa_state_accuracy,cot_pad,3,analysis_val,mod3,0.8128138036429722
0.549,final_answer_accuracy,direct,4,iid,mod3,0.5566666666666666
0.549,final_answer_accuracy,direct,4,ood_length,mod3,0.3323333333333333
0.549,final_answer_accuracy,direct,4,shift_biased_p02,mod3,0.622
0.549,final_answer_accuracy,direct,4,shift_biased_p08,mod3,0.44666666666666666
0.549,final_answer_accuracy,direct,4,shift_alternating,mod3,0.5496666666666666
0.549,final_answer_accuracy,direct,4,shift_zero_runs,mod3,0.5603333333333333
0.549,final_answer_accuracy,direct,4,shift_one_runs,mod3,0.47833333333333333
0.549,linear_probe_dfa_state_accuracy,direct,4,analysis_val,mod3,0.4043916913946588
1.0,state_accuracy,cot_true,4,iid,mod3,1.0
1.0,final_answer_accuracy,cot_true,4,iid,mod3,1.0
1.0,transition_consistency,cot_true,4,iid,mod3,1.0
1.0,state_accuracy,cot_true,4,ood_length,mod3,0.7767167552000441
1.0,final_answer_accuracy,cot_true,4,ood_length,mod3,0.33766666666666667
1.0,transition_consistency,cot_true,4,ood_length,mod3,0.8204079102349513
1.0,state_accuracy,cot_true,4,shift_biased_p02,mod3,1.0
1.0,final_answer_accuracy,cot_true,4,shift_biased_p02,mod3,1.0
1.0,transition_consistency,cot_true,4,shift_biased_p02,mod3,1.0
1.0,state_accuracy,cot_true,4,shift_biased_p08,mod3,1.0
1.0,final_answer_accuracy,cot_true,4,shift_biased_p08,mod3,1.0
1.0,transition_consistency,cot_true,4,shift_biased_p08,mod3,1.0
1.0,state_accuracy,cot_true,4,shift_alternating,mod3,1.0
1.0,final_answer_accuracy,cot_true,4,shift_alternating,mod3,1.0
1.0,transition_consistency,cot_true,4,shift_alternating,mod3,1.0
1.0,state_accuracy,cot_true,4,shift_zero_runs,mod3,1.0
1.0,final_answer_accuracy,cot_true,4,shift_zero_runs,mod3,1.0
1.0,transition_consistency,cot_true,4,shift_zero_runs,mod3,1.0
1.0,state_accuracy,cot_true,4,shift_one_runs,mod3,1.0
1.0,final_answer_accuracy,cot_true,4,shift_one_runs,mod3,1.0
1.0,transition_consistency,cot_true,4,shift_one_runs,mod3,1.0
1.0,linear_probe_dfa_state_accuracy,cot_true,4,analysis_val,mod3,1.0
0.6541380873685596,state_accuracy,cot_pad,4,iid,mod3,0.6564516129032258
0.6541380873685596,final_answer_accuracy,cot_pad,4,iid,mod3,0.5076666666666667
0.6541380873685596,transition_consistency,cot_pad,4,iid,mod3,0.6919146036793096
0.6541380873685596,state_accuracy,cot_pad,4,ood_length,mod3,0.46791784653755264
0.6541380873685596,final_answer_accuracy,cot_pad,4,ood_length,mod3,0.322
0.6541380873685596,transition_consistency,cot_pad,4,ood_length,mod3,0.5661769264149774
0.6541380873685596,state_accuracy,cot_pad,4,shift_biased_p02,mod3,0.6596922352202246
0.6541380873685596,final_answer_accuracy,cot_pad,4,shift_biased_p02,mod3,0.5333333333333333
0.6541380873685596,transition_consistency,cot_pad,4,shift_biased_p02,mod3,0.8135522388059702
0.6541380873685596,state_accuracy,cot_pad,4,shift_biased_p08,mod3,0.6479216642416139
0.6541380873685596,final_answer_accuracy,cot_pad,4,shift_biased_p08,mod3,0.5056666666666667
0.6541380873685596,transition_consistency,cot_pad,4,shift_biased_p08,mod3,0.5865650969529086
0.6541380873685596,state_accuracy,cot_pad,4,shift_alternating,mod3,0.6766798418972332
0.6541380873685596,final_answer_accuracy,cot_pad,4,shift_alternating,mod3,0.5456666666666666
0.6541380873685596,transition_consistency,cot_pad,4,shift_alternating,mod3,0.5847051955633392
0.6541380873685596,state_accuracy,cot_pad,4,shift_zero_runs,mod3,0.7586560895940271
0.6541380873685596,final_answer_accuracy,cot_pad,4,shift_zero_runs,mod3,0.5976666666666667
0.6541380873685596,transition_consistency,cot_pad,4,shift_zero_runs,mod3,0.8600127366410004
0.6541380873685596,state_accuracy,cot_pad,4,shift_one_runs,mod3,0.6232841590407069
0.6541380873685596,final_answer_accuracy,cot_pad,4,shift_one_runs,mod3,0.488
0.6541380873685596,transition_consistency,cot_pad,4,shift_one_runs,mod3,0.5949143563482253
0.6541380873685596,linear_probe_dfa_state_accuracy,cot_pad,4,analysis_val,mod3,0.6656379821958457
